AUROC,PR_AUC,Accuracy,Balanced_Accuracy,Precision,Recall,Specificity,F1,Threshold,Disease,Repeat,Fold
0.7076756756756756,0.935052807597428,0.6794425087108014,0.6778378378378378,0.9340659340659341,0.68,0.6756756756756757,0.7870370370370371,0.5096226334571838,AML,1,1
0.6882470119521913,0.9298971004873636,0.6236933797909407,0.6183045595396193,0.9181286549707602,0.6254980079681275,0.6111111111111112,0.7440758293838863,0.46775782108306885,AML,1,2
0.6405405405405404,0.9079011323084827,0.5679442508710801,0.5908108108108108,0.9090909090909091,0.56,0.6216216216216216,0.693069306930693,0.5178433060646057,AML,2,1
0.7115980522355023,0.9429506462580233,0.8292682926829268,0.5692784417884019,0.8914728682170543,0.9163346613545816,0.2222222222222222,0.9037328094302554,0.3020467460155487,AML,2,2
0.632972972972973,0.9151129888454949,0.6341463414634146,0.6057837837837838,0.9096045197740112,0.644,0.5675675675675675,0.7540983606557377,0.4161204397678375,AML,3,1
0.5296591412129261,0.878568070563658,0.5609756097560976,0.5705511288180611,0.9032258064516129,0.5577689243027888,0.5833333333333334,0.6896551724137931,0.5105490684509277,AML,3,2
0.6962162162162162,0.9282959130970744,0.6411149825783972,0.6443243243243244,0.9248554913294798,0.64,0.6486486486486487,0.7565011820330969,0.4388633668422699,AML,4,1
0.7119300575475874,0.9430562177563724,0.686411149825784,0.6660579902611775,0.93048128342246,0.6932270916334662,0.6388888888888888,0.7945205479452054,0.5431685447692871,AML,4,2
0.6930810810810811,0.9314064980812533,0.7421602787456446,0.6332432432432433,0.9112149532710281,0.78,0.4864864864864865,0.8405172413793104,0.29603826999664307,AML,5,1
0.6757414785303232,0.9320890755282323,0.7456445993031359,0.6166445329791943,0.908256880733945,0.7888446215139442,0.4444444444444444,0.8443496801705757,0.473705917596817,AML,5,2
0.6483243243243243,0.9147119162611359,0.5609756097560976,0.5868108108108108,0.9078947368421053,0.552,0.6216216216216216,0.6865671641791045,0.5692614912986755,AML,6,1
0.7062859672421425,0.9395081791388,0.7700348432055749,0.6186918990703851,0.9074889867841409,0.8207171314741036,0.4166666666666667,0.8619246861924686,0.3610168695449829,AML,6,2
0.7229189189189189,0.9381499776184532,0.6585365853658537,0.6543243243243244,0.9269662921348315,0.66,0.6486486486486487,0.7710280373831776,0.5785629153251648,AML,7,1
0.6396635679504205,0.9214263538282248,0.6480836236933798,0.5608676405489155,0.8947368421052632,0.6772908366533864,0.4444444444444444,0.7709750566893424,0.4054460823535919,AML,7,2
0.6242162162162161,0.9081014573177917,0.5574912891986062,0.5732972972972974,0.9019607843137255,0.552,0.5945945945945946,0.684863523573201,0.4961347281932831,AML,8,1
0.5763612217795484,0.9025088820105018,0.7526132404181185,0.5254537405931828,0.8813559322033898,0.8286852589641435,0.2222222222222222,0.8542094455852156,0.3404291272163391,AML,8,2
0.650054054054054,0.9192159496853902,0.5644599303135889,0.5888108108108108,0.9084967320261438,0.556,0.6216216216216216,0.6898263027295285,0.5209383368492126,AML,9,1
0.6196325807879594,0.9212500800047148,0.710801393728223,0.549136786188579,0.8888888888888888,0.7649402390438247,0.3333333333333333,0.8222698072805139,0.2750740349292755,AML,9,2
0.8540540540540541,0.9728719931875759,0.7038327526132404,0.7724324324324325,0.9714285714285714,0.68,0.8648648648648649,0.8,0.535076379776001,AML,10,1
0.8266932270916335,0.9708088388844973,0.7874564459930313,0.7357237715803453,0.9439252336448598,0.8047808764940239,0.6666666666666666,0.8688172043010752,0.46224215626716614,AML,10,2
0.4544864864864865,0.8583058934806463,0.7909407665505227,0.4885405405405405,0.8682170542635659,0.896,0.08108108108108109,0.8818897637795275,0.2043008655309677,AML,11,1
0.6301460823373174,0.915113055453391,0.6759581881533101,0.5411133244798584,0.8872549019607843,0.7211155378486056,0.3611111111111111,0.7956043956043956,0.41910725831985474,AML,11,2
0.7212972972972973,0.9388378032436022,0.5261324041811847,0.6474054054054055,0.9453125,0.484,0.8108108108108109,0.6402116402116402,0.6281561255455017,AML,12,1
0.7010845506861444,0.9331904710135416,0.686411149825784,0.6422642762284196,0.9214659685863874,0.701195219123506,0.5833333333333334,0.7963800904977375,0.4348222017288208,AML,12,2
0.7692972972972973,0.9606892007299092,0.6445993031358885,0.7154054054054054,0.9567901234567902,0.62,0.8108108108108109,0.7524271844660194,0.5216056108474731,AML,13,1
0.7606241699867198,0.9498216826949043,0.627177700348432,0.6797808764940239,0.9444444444444444,0.6095617529880478,0.75,0.7409200968523002,0.556249737739563,AML,13,2
0.6875675675675675,0.9341281085888429,0.759581881533101,0.5856756756756757,0.8951965065502183,0.82,0.35135135135135137,0.8559498956158664,0.366714209318161,AML,14,1
0.792607348384241,0.9556462512682642,0.7700348432055749,0.7138667552014165,0.9383886255924171,0.7888446215139442,0.6388888888888888,0.8571428571428571,0.4784106910228729,AML,14,2
0.5082162162162163,0.8769244378921187,0.7839721254355401,0.47302702702702704,0.8643410852713178,0.892,0.05405405405405406,0.8779527559055118,0.2178734391927719,AML,15,1
0.6072377158034529,0.9128473863701331,0.6585365853658537,0.5549468791500665,0.8923076923076924,0.6932270916334662,0.4166666666666667,0.7802690582959642,0.384694904088974,AML,15,2
0.7103783783783784,0.9416492970140772,0.7735191637630662,0.6282162162162162,0.9074889867841409,0.824,0.43243243243243246,0.8637316561844863,0.3776651918888092,AML,16,1
0.6747454625940681,0.9306369730523889,0.7177700348432056,0.6601925630810093,0.925,0.7370517928286853,0.5833333333333334,0.8203991130820399,0.4392426013946533,AML,16,2
0.692,0.9345946367282307,0.8222996515679443,0.5410810810810811,0.8812260536398467,0.92,0.16216216216216217,0.9001956947162426,0.3502052426338196,AML,17,1
0.6660026560424966,0.9288433367174764,0.6236933797909407,0.6183045595396193,0.9181286549707602,0.6254980079681275,0.6111111111111112,0.7440758293838863,0.496919184923172,AML,17,2
0.6085405405405406,0.8961641276627828,0.7317073170731707,0.5696756756756757,0.8914027149321267,0.788,0.35135135135135137,0.8365180467091295,0.40760987997055054,AML,18,1
0.619411243913236,0.9171884054113744,0.5958188153310104,0.542884019477645,0.8901734104046243,0.6135458167330677,0.4722222222222222,0.7264150943396226,0.46007195115089417,AML,18,2
0.7517837837837837,0.9464546478341603,0.5993031358885017,0.6778918918918919,0.9470198675496688,0.572,0.7837837837837838,0.713216957605985,0.5210559964179993,AML,19,1
0.7099380256750775,0.9443141988914079,0.7700348432055749,0.6186918990703851,0.9074889867841409,0.8207171314741036,0.4166666666666667,0.8619246861924686,0.43177029490470886,AML,19,2
0.5927567567567568,0.9037975420740945,0.5958188153310104,0.5492432432432433,0.8895348837209303,0.612,0.4864864864864865,0.7251184834123223,0.5747003555297852,AML,20,1
0.6503984063745021,0.9160149735350696,0.7421602787456446,0.6027556440903055,0.9041095890410958,0.7888446215139442,0.4166666666666667,0.8425531914893617,0.2414175271987915,AML,20,2
0.7496216216216216,0.9477870886379508,0.794425087108014,0.6747567567567567,0.920704845814978,0.836,0.5135135135135135,0.8763102725366876,0.33190786838531494,AML,21,1
0.6681053563523682,0.9306047622567054,0.5505226480836237,0.6002656042496679,0.9178082191780822,0.5338645418326693,0.6666666666666666,0.6750629722921915,0.5822791457176208,AML,21,2
0.6014054054054054,0.8950991653923812,0.6550522648083623,0.6062702702702703,0.9081081081081082,0.672,0.5405405405405406,0.7724137931034483,0.39364948868751526,AML,22,1
0.6689907038512617,0.9280549742167614,0.7770034843205574,0.6345728198317839,0.9118942731277533,0.8247011952191236,0.4444444444444444,0.8661087866108786,0.41621363162994385,AML,22,2
0.6382702702702703,0.9224345040742913,0.6933797909407665,0.6167567567567567,0.9090909090909091,0.72,0.5135135135135135,0.8035714285714286,0.4458085298538208,AML,23,1
0.6828242585214697,0.9352052379828167,0.5679442508710801,0.6102257636122177,0.9205298013245033,0.5537848605577689,0.6666666666666666,0.6915422885572139,0.5009816884994507,AML,23,2
0.6527567567567567,0.9160922520569872,0.6829268292682927,0.6452972972972972,0.9206349206349206,0.696,0.5945945945945946,0.7927107061503417,0.4488902688026428,AML,24,1
0.5732625055334218,0.8944770360386978,0.42857142857142855,0.5424413457281982,0.8990825688073395,0.3904382470119522,0.6944444444444444,0.5444444444444444,0.5883155465126038,AML,24,2
0.5887567567567568,0.9122500825918125,0.5644599303135889,0.5197297297297298,0.8787878787878788,0.58,0.4594594594594595,0.6987951807228916,0.4821825921535492,AML,25,1
0.5655157149181054,0.8993666558418025,0.710801393728223,0.5015493581230632,0.875,0.7808764940239044,0.2222222222222222,0.8252631578947368,0.3520627021789551,AML,25,2
0.7549189189189189,0.9483542988741459,0.3902439024390244,0.6154594594594595,0.9629629629629629,0.312,0.918918918918919,0.47129909365558914,0.6376592516899109,AML,26,1
0.7872952633908809,0.9606953589508558,0.7909407665505227,0.6782315183709606,0.9244444444444444,0.8286852589641435,0.5277777777777778,0.8739495798319328,0.4491666853427887,AML,26,2
0.5808648648648649,0.905359333035715,0.7456445993031359,0.520108108108108,0.8765957446808511,0.824,0.21621621621621623,0.8494845360824742,0.37690991163253784,AML,27,1
0.6171978751660027,0.908226208076357,0.5818815331010453,0.5944001770694998,0.9119496855345912,0.5776892430278885,0.6111111111111112,0.7073170731707317,0.4671119153499603,AML,27,2
0.6141621621621622,0.9084296221355714,0.49477351916376305,0.6178918918918919,0.9338842975206612,0.452,0.7837837837837838,0.6091644204851752,0.5299095511436462,AML,28,1
0.6216246126604693,0.9094019942585859,0.5365853658536586,0.5922974767596281,0.9154929577464789,0.5179282868525896,0.6666666666666666,0.6615776081424937,0.6075335144996643,AML,28,2
0.6122162162162161,0.9080268989331909,0.6480836236933798,0.5216756756756756,0.8781725888324873,0.692,0.35135135135135137,0.7740492170022372,0.41071629524230957,AML,29,1
0.7214475431606907,0.9427138800297518,0.5296167247386759,0.6359008410801239,0.9393939393939394,0.4940239043824701,0.7777777777777778,0.6475195822454308,0.6054092049598694,AML,29,2
0.6611891891891891,0.9220157438247358,0.6759581881533101,0.6528108108108108,0.9243243243243243,0.684,0.6216216216216216,0.7862068965517242,0.470225989818573,AML,30,1
0.6822709163346614,0.933843431787813,0.5226480836236934,0.5962262062859672,0.9191176470588235,0.49800796812749004,0.6944444444444444,0.6459948320413437,0.5401811599731445,AML,30,2
0.7141621621621621,0.9427160744219777,0.662020905923345,0.6793513513513514,0.9371428571428572,0.656,0.7027027027027027,0.7717647058823529,0.5265507102012634,AML,31,1
0.7447985834440017,0.9475998795050593,0.7003484320557491,0.7097166888003541,0.9459459459459459,0.6972111553784861,0.7222222222222222,0.8027522935779816,0.4992711544036865,AML,31,2
0.6662702702702703,0.9275994941598744,0.7804878048780488,0.6207027027027027,0.9047619047619048,0.836,0.40540540540540543,0.8690228690228691,0.41338902711868286,AML,32,1
0.6801682160247897,0.9306364440039518,0.8292682926829268,0.6049690128375387,0.9007936507936508,0.9043824701195219,0.3055555555555556,0.9025844930417495,0.30900102853775024,AML,32,2
0.6105945945945946,0.9187446303468229,0.6898954703832753,0.5687027027027027,0.8926829268292683,0.732,0.40540540540540543,0.8043956043956044,0.4306982457637787,AML,33,1
0.6043603364320496,0.9105776216808878,0.3519163763066202,0.534307215582116,0.9012345679012346,0.2908366533864542,0.7777777777777778,0.4397590361445783,0.6569209098815918,AML,33,2
0.5517837837837838,0.8910016647930006,0.6027874564459931,0.5187027027027027,0.8777777777777778,0.632,0.40540540540540543,0.7348837209302326,0.44312262535095215,AML,34,1
0.7615095174856131,0.9547022050923774,0.7073170731707317,0.6661133244798584,0.9282051282051282,0.7211155378486056,0.6111111111111112,0.8116591928251121,0.4733011722564697,AML,34,2
0.6394594594594595,0.9211986327028194,0.6097560975609756,0.5917837837837838,0.9058823529411765,0.616,0.5675675675675675,0.7333333333333333,0.505137026309967,AML,35,1
0.7265382912793271,0.9456784019585392,0.6480836236933798,0.6441456396635679,0.9261363636363636,0.649402390438247,0.6388888888888888,0.7634660421545667,0.4599898159503937,AML,35,2
0.6482162162162164,0.9266627981657163,0.6759581881533101,0.5837297297297297,0.8984771573604061,0.708,0.4594594594594595,0.7919463087248322,0.4648911654949188,AML,36,1
0.7616201859229746,0.9491364156510729,0.8153310104529616,0.6802788844621515,0.9230769230769231,0.8605577689243028,0.5,0.8907216494845361,0.330241858959198,AML,36,2
0.6210810810810811,0.912107152193222,0.5365853658536586,0.5612972972972974,0.8979591836734694,0.528,0.5945945945945946,0.6649874055415617,0.5356315970420837,AML,37,1
0.7075033200531209,0.9435453091617242,0.8397212543554007,0.5871513944223108,0.8957528957528957,0.9243027888446215,0.25,0.9098039215686274,0.28658679127693176,AML,37,2
0.5457297297297297,0.8867525711189773,0.6027874564459931,0.5187027027027027,0.8777777777777778,0.632,0.40540540540540543,0.7348837209302326,0.44631803035736084,AML,38,1
0.6869189907038513,0.9298905645454477,0.8397212543554007,0.5514608233731739,0.8867924528301887,0.9362549800796812,0.16666666666666666,0.9108527131782945,0.1881105750799179,AML,38,2
0.7395675675675676,0.9455106105514739,0.6515679442508711,0.6848648648648649,0.9411764705882353,0.64,0.7297297297297297,0.7619047619047619,0.5014880895614624,AML,39,1
0.7264276228419655,0.9489199718665944,0.6933797909407665,0.6105577689243028,0.9095477386934674,0.7211155378486056,0.5,0.8044444444444444,0.4951222836971283,AML,39,2
0.6212972972972973,0.9201143600489496,0.46689895470383275,0.5788648648648649,0.9145299145299145,0.428,0.7297297297297297,0.5831062670299727,0.5990752577781677,AML,40,1
0.6293714032757857,0.9172264189306835,0.5400696864111498,0.5467020805666224,0.8940397350993378,0.5378486055776892,0.5555555555555556,0.6716417910447762,0.49592775106430054,AML,40,2
0.6123243243243244,0.9187168588787973,0.4425087108013937,0.5648648648648649,0.9090909090909091,0.4,0.7297297297297297,0.5555555555555556,0.6205079555511475,AML,41,1
0.6553784860557769,0.925635966899837,0.4355400696864111,0.6059096945551129,0.9405940594059405,0.3784860557768924,0.8333333333333334,0.5397727272727273,0.6320506930351257,AML,41,2
0.6778378378378379,0.9288054815252924,0.6202090592334495,0.6208108108108108,0.9171597633136095,0.62,0.6216216216216216,0.7398568019093079,0.47026970982551575,AML,42,1
0.602589641434263,0.9102745150659314,0.5400696864111498,0.594289508632138,0.916083916083916,0.5219123505976095,0.6666666666666666,0.6649746192893401,0.5536887645721436,AML,42,2
0.6385945945945946,0.9038133811664693,0.34843205574912894,0.5454054054054054,0.9090909090909091,0.28,0.8108108108108109,0.42813455657492355,0.6810344457626343,AML,43,1
0.6236166445329793,0.9148933209084507,0.6689895470383276,0.5609229747675963,0.8939393939393939,0.7051792828685259,0.4166666666666667,0.7884187082405345,0.43557339906692505,AML,43,2
0.7536216216216216,0.9538045037535572,0.7212543554006968,0.6903243243243243,0.9336734693877551,0.732,0.6486486486486487,0.820627802690583,0.40181654691696167,AML,44,1
0.5430500221336874,0.884093259014747,0.6689895470383276,0.5490261177512173,0.89,0.7091633466135459,0.3888888888888889,0.7893569844789357,0.3955286741256714,AML,44,2
0.40940540540540543,0.8306587925073408,0.33797909407665505,0.4127567567567567,0.8125,0.312,0.5135135135135135,0.4508670520231214,0.6175357699394226,AML,45,1
0.615095174856131,0.9199982958139656,0.8327526132404182,0.48799247454625944,0.8717948717948718,0.9482071713147411,0.027777777777777776,0.9083969465648855,0.15828803181648254,AML,45,2
0.7137297297297298,0.9441774073181284,0.7386759581881533,0.6542702702702703,0.9186602870813397,0.768,0.5405405405405406,0.8366013071895425,0.4515749514102936,AML,46,1
0.7534307215582116,0.9469554521843702,0.7003484320557491,0.6978198317839752,0.9411764705882353,0.701195219123506,0.6944444444444444,0.8036529680365296,0.5113539099693298,AML,46,2
0.7082162162162162,0.9391202567094994,0.6341463414634146,0.6633513513513514,0.9341317365269461,0.624,0.7027027027027027,0.7482014388489209,0.47412627935409546,AML,47,1
0.6687693669765383,0.9309934351504251,0.7526132404181185,0.5968348826914563,0.9017857142857143,0.8047808764940239,0.3888888888888889,0.8505263157894737,0.4299728274345398,AML,47,2
0.6452972972972972,0.9241504760536199,0.46689895470383275,0.5903783783783784,0.9217391304347826,0.424,0.7567567567567568,0.5808219178082191,0.6130657196044922,AML,48,1
0.713700752545374,0.9381091029432022,0.7804878048780488,0.6603585657370519,0.9196428571428571,0.8207171314741036,0.5,0.8673684210526316,0.4061841070652008,AML,48,2
0.6207567567567568,0.904148510133185,0.6132404181184669,0.5937837837837838,0.9064327485380117,0.62,0.5675675675675675,0.7363420427553444,0.48255613446235657,AML,49,1
0.5772465692784419,0.8983642038096653,0.7073170731707317,0.5233510402833113,0.8812785388127854,0.7689243027888446,0.2777777777777778,0.8212765957446808,0.3156396746635437,AML,49,2
0.7448648648648648,0.9488548806626518,0.7560975609756098,0.6642702702702703,0.9205607476635514,0.788,0.5405405405405406,0.8491379310344828,0.42321541905403137,AML,50,1
0.7547587428065516,0.9465227687540423,0.686411149825784,0.6660579902611775,0.93048128342246,0.6932270916334662,0.6388888888888888,0.7945205479452054,0.5175597071647644,AML,50,2
0.5402162162162162,0.8837567749157154,0.7073170731707317,0.4981081081081081,0.8705357142857143,0.78,0.21621621621621623,0.8227848101265823,0.332034170627594,AML,51,1
0.5291057990261178,0.8884588260717812,0.46689895470383275,0.4929725542275343,0.8712121212121212,0.4581673306772908,0.5277777777777778,0.6005221932114883,0.5106468796730042,AML,51,2
0.6447567567567567,0.9223186359866118,0.686411149825784,0.6127567567567567,0.9081632653061225,0.712,0.5135135135135135,0.7982062780269058,0.4170933961868286,AML,52,1
0.7001992031872509,0.9336154201363444,0.49477351916376305,0.5802899513058876,0.9140625,0.46613545816733065,0.6944444444444444,0.6174142480211082,0.6506984829902649,AML,52,2
0.6618378378378378,0.9247768795492525,0.7247386759581882,0.6117297297297297,0.9052132701421801,0.764,0.4594594594594595,0.8286334056399133,0.4381350874900818,AML,53,1
0.6673306772908366,0.9240113509064571,0.4738675958188153,0.5802346170872067,0.9166666666666666,0.43824701195219123,0.7222222222222222,0.5929919137466307,0.6014154553413391,AML,53,2
0.7698378378378379,0.9585818596406226,0.7874564459930313,0.6707567567567567,0.92,0.828,0.5135135135135135,0.871578947368421,0.38987770676612854,AML,54,1
0.7361664453297919,0.9458866856443437,0.7282229965156795,0.6780655157149181,0.9303482587064676,0.7450199203187251,0.6111111111111112,0.827433628318584,0.4225136935710907,AML,54,2
0.6415135135135135,0.9169116868752181,0.686411149825784,0.6012432432432433,0.9040404040404041,0.716,0.4864864864864865,0.7991071428571429,0.41289570927619934,AML,55,1
0.7213368747233289,0.9465031831369367,0.5609756097560976,0.6300354138999558,0.9310344827586207,0.5378486055776892,0.7222222222222222,0.6818181818181818,0.5766363143920898,AML,55,2
0.45945945945945943,0.8693042199458989,0.39372822299651566,0.4792972972972973,0.8584905660377359,0.364,0.5945945945945946,0.5112359550561798,0.5537853240966797,AML,56,1
0.5822266489597167,0.9051972956267196,0.33797909407665505,0.562029659141213,0.9295774647887324,0.26294820717131473,0.8611111111111112,0.40993788819875776,0.6738069653511047,AML,56,2
0.6284324324324325,0.9240417716457875,0.7177700348432056,0.5616756756756757,0.8894009216589862,0.772,0.35135135135135137,0.8265524625267666,0.42446470260620117,AML,57,1
0.7404825143868968,0.9436202248203585,0.5261324041811847,0.6577025232403719,0.952755905511811,0.4820717131474104,0.8333333333333334,0.6402116402116402,0.5519174337387085,AML,57,2
0.7702702702702703,0.9552909700340186,0.6167247386759582,0.7224324324324325,0.9666666666666667,0.58,0.8648648648648649,0.725,0.5499333143234253,AML,58,1
0.7187915006640107,0.9452647814749109,0.662020905923345,0.6521137671536077,0.9277777777777778,0.6653386454183267,0.6388888888888888,0.7749419953596288,0.48221659660339355,AML,58,2
0.6315675675675676,0.9119698043175171,0.43205574912891986,0.5473513513513514,0.8990825688073395,0.392,0.7027027027027027,0.5459610027855153,0.6111158728599548,AML,59,1
0.5631916777335104,0.903283432198275,0.7909407665505227,0.5473660911907924,0.8866396761133604,0.8725099601593626,0.2222222222222222,0.8795180722891566,0.274981826543808,AML,59,2
0.7178378378378378,0.9406959264993603,0.662020905923345,0.6563243243243244,0.9273743016759777,0.664,0.6486486486486487,0.7738927738927739,0.5072703957557678,AML,60,1
0.730190349712262,0.9528684898902783,0.6341463414634146,0.7075586542718018,0.95625,0.6095617529880478,0.8055555555555556,0.7445255474452555,0.5495548844337463,AML,60,2
0.5844324324324325,0.9104029174479369,0.5888501742160279,0.5682702702702702,0.8975903614457831,0.596,0.5405405405405406,0.7163461538461539,0.4707387685775757,AML,61,1
0.6257193448428509,0.9156833594121987,0.8013937282229965,0.5414453297919434,0.8849206349206349,0.8884462151394422,0.19444444444444445,0.8866799204771372,0.3365118205547333,AML,61,2
0.6475675675675675,0.9134048477553405,0.3240418118466899,0.5659459459459459,0.9375,0.24,0.8918918918918919,0.3821656050955414,0.6616566777229309,AML,62,1
0.6129924745462594,0.9209388582977086,0.5609756097560976,0.5586542718016821,0.8980891719745223,0.5617529880478087,0.5555555555555556,0.6911764705882353,0.5738099813461304,AML,62,2
0.7166486486486487,0.9396106410708884,0.6027874564459931,0.6453513513513514,0.930379746835443,0.588,0.7027027027027027,0.7205882352941176,0.570091962814331,AML,63,1
0.6885790172642763,0.9387796925950964,0.627177700348432,0.6083997343957503,0.9137931034482759,0.6334661354581673,0.5833333333333334,0.7482352941176471,0.4764339029788971,AML,63,2
0.5583783783783784,0.9054602256820116,0.6689895470383276,0.5221621621621622,0.8780487804878049,0.72,0.32432432432432434,0.7912087912087912,0.3297092020511627,AML,64,1
0.5903054448871182,0.9045920289667337,0.34146341463414637,0.5521248339973439,0.918918918918919,0.27091633466135456,0.8333333333333334,0.41846153846153844,0.7307952046394348,AML,64,2
0.6175135135135135,0.9053270058856404,0.7770034843205574,0.5726486486486486,0.8907563025210085,0.848,0.2972972972972973,0.8688524590163934,0.3895237147808075,AML,65,1
0.7165781319167773,0.9344475162163406,0.6829268292682927,0.6878596724214254,0.9395604395604396,0.6812749003984063,0.6944444444444444,0.789838337182448,0.45100080966949463,AML,65,2
0.6103783783783783,0.9188296345113965,0.5400696864111498,0.5978378378378378,0.9154929577464789,0.52,0.6756756756756757,0.6632653061224489,0.546402633190155,AML,66,1
0.6855909694555113,0.9353591013659172,0.4250871080139373,0.611830455953962,0.9479166666666666,0.36254980079681276,0.8611111111111112,0.5244956772334294,0.6046670079231262,AML,66,2
0.6257297297297297,0.9030529631602093,0.5958188153310104,0.6183243243243244,0.91875,0.588,0.6486486486486487,0.7170731707317073,0.5193353891372681,AML,67,1
0.5787959274015051,0.9067789632310562,0.5679442508710801,0.5507414785303232,0.8944099378881988,0.5737051792828686,0.5277777777777778,0.6990291262135923,0.4927290678024292,AML,67,2
0.6347027027027028,0.9228105682796808,0.6236933797909407,0.5767567567567567,0.898876404494382,0.64,0.5135135135135135,0.7476635514018691,0.4944098889827728,AML,68,1
0.7813191677733511,0.958379477787659,0.5087108013937283,0.6715360779105799,0.9661016949152542,0.4541832669322709,0.8888888888888888,0.6178861788617886,0.6371135711669922,AML,68,2
0.5924324324324325,0.9011677936726628,0.6724738675958188,0.5471891891891891,0.8861386138613861,0.716,0.3783783783783784,0.7920353982300885,0.4201156198978424,AML,69,1
0.7407038512616201,0.9489752271647726,0.7038327526132404,0.6522244355909694,0.923469387755102,0.7211155378486056,0.5833333333333334,0.8098434004474273,0.4017098546028137,AML,69,2
0.6791351351351351,0.924678454138721,0.5226480836236934,0.6223783783783784,0.9312977099236641,0.488,0.7567567567567568,0.6404199475065617,0.5804823040962219,AML,70,1
0.6392208942009739,0.9190116762723465,0.8222996515679443,0.565294378043382,0.890625,0.9083665338645418,0.2222222222222222,0.8994082840236687,0.21141323447227478,AML,70,2
0.5171891891891892,0.8865918692566523,0.6341463414634146,0.5597297297297298,0.8918918918918919,0.66,0.4594594594594595,0.7586206896551724,0.44536465406417847,AML,71,1
0.6913457281983179,0.9277791044467687,0.5749128919860628,0.6261066843736166,0.9271523178807947,0.5577689243027888,0.6944444444444444,0.6965174129353234,0.49746575951576233,AML,71,2
0.665081081081081,0.9269930048189938,0.7177700348432056,0.6307567567567567,0.9121951219512195,0.748,0.5135135135135135,0.8219780219780219,0.39956626296043396,AML,72,1
0.6798362107127047,0.9269093482727624,0.8466898954703833,0.6030323151837096,0.8996138996138996,0.9282868525896414,0.2777777777777778,0.9137254901960784,0.3101479411125183,AML,72,2
0.5344864864864864,0.8852010907726552,0.445993031358885,0.48627027027027026,0.864,0.432,0.5405405405405406,0.576,0.6238953471183777,AML,73,1
0.5921868083222666,0.9097662131118152,0.8153310104529616,0.5256197432492253,0.8807692307692307,0.9123505976095617,0.1388888888888889,0.8962818003913894,0.18604345619678497,AML,73,2
0.6710270270270271,0.9256076733270981,0.5888501742160279,0.6488648648648648,0.9342105263157895,0.568,0.7297297297297297,0.7064676616915423,0.5270374417304993,AML,74,1
0.7246569278441789,0.9470081717628952,0.6097560975609756,0.6579238601150952,0.9371069182389937,0.5936254980079682,0.7222222222222222,0.7268292682926829,0.5285272598266602,AML,74,2
0.6286486486486487,0.9092376351591507,0.5714285714285714,0.6043243243243244,0.9150326797385621,0.56,0.6486486486486487,0.6947890818858561,0.5824505090713501,AML,75,1
0.6625719344842851,0.9309685951717124,0.5818815331010453,0.6062970340858786,0.9171974522292994,0.5737051792828686,0.6388888888888888,0.7058823529411765,0.49470004439353943,AML,75,2
0.5930810810810812,0.8985253848925974,0.3588850174216028,0.5514054054054054,0.9125,0.292,0.8108108108108109,0.44242424242424244,0.6476044058799744,AML,76,1
0.5900841080123949,0.9152458788597895,0.6968641114982579,0.5292718016821603,0.883177570093458,0.7529880478087649,0.3055555555555556,0.8129032258064516,0.39442896842956543,AML,76,2
0.7985945945945947,0.9606204132610171,0.578397212543554,0.6774054054054055,0.951048951048951,0.544,0.8108108108108109,0.6921119592875318,0.5700886249542236,AML,77,1
0.7382691456396636,0.9488138742307074,0.7142857142857143,0.6344068171757415,0.916256157635468,0.7410358565737052,0.5277777777777778,0.8193832599118943,0.4464939534664154,AML,77,2
0.7122162162162162,0.936956880737274,0.7770034843205574,0.6992972972972973,0.9305555555555556,0.804,0.5945945945945946,0.8626609442060086,0.44437989592552185,AML,78,1
0.8898849048251438,0.9795825537329285,0.8292682926829268,0.7953187250996017,0.9590909090909091,0.8406374501992032,0.75,0.8959660297239915,0.4442726969718933,AML,78,2
0.7135135135135136,0.9331532721972606,0.5888501742160279,0.6488648648648648,0.9342105263157895,0.568,0.7297297297297297,0.7064676616915423,0.5583978891372681,AML,79,1
0.6955511288180611,0.9419331325921521,0.7979094076655052,0.5394532979194334,0.8844621513944223,0.8844621513944223,0.19444444444444445,0.8844621513944223,0.32193082571029663,AML,79,2
0.8097297297297297,0.9670937222714233,0.686411149825784,0.727891891891892,0.9545454545454546,0.672,0.7837837837837838,0.7887323943661971,0.5468723177909851,AML,80,1
0.7884019477644977,0.9620053367013185,0.6341463414634146,0.7194555112881806,0.9620253164556962,0.6055776892430279,0.8333333333333334,0.7432762836185819,0.6003677845001221,AML,80,2
